Variable,parcode,sd01T1.1,sd01T1.2,sd02T1.1,sd02T1.2,sd04T1.1,sd04T1.2,sd05aT1.1,sd05aT1.2,reldur.1,reldur.2,m_n_s.1,m_n_s.2,m_e_s.1,m_e_s.2,m_o_s.1,m_o_s.2,m_a_s.1,m_a_s.2,m_c_s.1,m_c_s.2,m_ras.1,m_ras.2,m_rasT2.1,m_rasT2.2,psd_m_n_s.1,psd_m_n_s.2,psd_m_e_s.1,psd_m_e_s.2,psd_m_o_s.1,psd_m_o_s.2,psd_m_a_s.1,psd_m_a_s.2,psd_m_c_s.1,psd_m_c_s.2,psd_m_ras.1,psd_m_ras.2,psd_m_rasT2.1,psd_m_rasT2.2
Label,Paarcode,Geschlecht.1,Geschlecht.2,sd02T1.1: Alter in Jahren,sd02T1.2: Alter in Jahren,sd04T1.1: Zivilstand,sd04T1.2: Zivilstand,sd05aT1.1: falls Beziehung; seit wann? Eingabe in Monaten,sd05aT1.2: falls Beziehung; seit wann? Eingabe in Monaten,relationship duration in months,relationship duration in months,mean neuroticism female,mean neuroticism male,mean extraversion female,mean extraversion male,mean openness female,mean openness male,mean agreeableness female,mean agreeableness male,mean conscientiousness female,mean conscientiousness male,mean relationship satisfaction female,mean relationship satisfaction male,mean relationship satisfaction T2 female,mean relationship satisfaction T2 male,pooled standardized neuroticism female,pooled standardized neuroticism male,pooled standardized extraversion female,pooled standardized extraversion male,pooled standardized openness female,pooled standardized openness male,pooled standardized agreeableness female,pooled standardized agreeableness male,pooled standardized conscientiousness female,pooled standardized conscientiousness male,pooled standardized relationship satisfaction female,pooled standardized relationship satisfaction male,pooled standardized relationship satisfaction T2 female,pooled standardized relationship satisfaction T2 male
,1,1.00,2.00,20,26,1,1,15.0,16.0,15,16,3,3,4,3,3,4,4,4,4,4,4,5,,,-0.23,1.14,-0.15,-1.50,-0.82,1.12,-0.63,0.25,-0.46,-0.68,0.12,0.67,,
,2,1.00,2.00,77,77,2,2,888.0,888.0,586,586,3,2,4,4,4,3,4,4,5,4,5,5,4.86,5.00,-0.41,-0.10,0.94,-0.04,-0.28,-0.49,0.83,0.25,1.07,0.46,1.02,0.67,1.00,1.13
,3,1.00,2.00,53,55,2,2,888.0,888.0,258,248,2,2,4,4,4,4,5,4,4,4,4,5,,,-1.82,-0.81,0.76,0.51,0.61,1.12,1.59,0.88,0.31,0.27,0.12,0.44,,
,4,1.00,2.00,20,20,1,1,36.0,35.0,36,35,3,2,3,3,3,3,4,4,3,4,4,5,4.57,4.86,-0.05,-1.35,-1.06,-0.95,-0.46,-1.21,0.83,-0.16,-1.80,-0.49,0.34,0.67,0.52,0.89
,5,1.00,2.00,49,55,2,2,888.0,888.0,326,326,3,3,5,4,4,4,4,3,4,4,3,4,2.57,3.86,-0.58,0.43,1.31,-0.04,0.61,0.40,-0.22,-1.21,-0.84,0.46,-1.92,-0.69,-2.82,-0.78
,6,1.00,2.00,24,21,1,1,81.0,80.0,81,80,4,2,4,5,4,3,4,4,4,4,5,5,,,1.01,-0.81,0.21,1.79,0.97,-1.03,-0.63,0.46,-0.46,0.27,0.80,0.67,,
,7,1.00,2.00,52,52,2,2,888.0,888.0,258,258,2,3,3,4,3,3,4,5,5,5,4,4,3.86,3.71,-1.29,0.07,-0.51,0.69,-1.35,-1.57,0.20,1.92,1.27,1.23,-0.33,-0.46,-0.67,-1.01
,8,1.00,2.00,79,79,2,2,888.0,888.0,658,658,3,2,4,4,2,3,4,4,4,5,5,5,,,0.66,-0.28,0.03,0.87,-2.17,-0.49,0.41,1.30,-0.27,1.23,1.25,1.12,,
,9,1.00,2.00,44,44,2,2,888.0,888.0,230,230,2,2,4,3,4,4,4,4,5,4,4,4,4.14,4.71,-1.65,-0.64,0.94,-1.32,0.61,0.94,0.83,0.04,0.88,0.66,-0.33,0.21,-0.20,0.65
,10,1.00,2.00,21,21,1,1,50.0,51.0,50,51,3,2,4,3,4,5,4,4,5,3,4,3,4.14,3.86,-0.41,-0.10,0.40,-0.77,0.08,1.48,0.83,-0.58,0.88,-0.88,0.12,-1.60,-0.20,-0.78
,11,1.00,2.00,50,57,2,2,888.0,888.0,273,273,4,3,3,4,3,5,4,4,4,4,4,4,3.00,4.43,1.19,0.43,-0.70,1.06,-0.64,1.48,-0.63,0.25,-0.27,0.27,-1.01,-0.24,-2.10,0.18
,12,1.00,2.00,20,26,1,1,10.0,10.0,10,10,3,2,5,5,4,3,3,3,3,4,4,5,,,-0.41,-0.99,1.31,1.60,-0.10,-1.03,-1.68,-1.21,-1.03,0.27,0.34,0.89,,
,13,1.00,2.00,56,56,2,2,888.0,888.0,306,306,3,2,4,4,4,4,4,4,4,4,5,4,4.57,4.43,-0.23,-0.81,0.40,0.87,0.79,0.76,0.83,0.25,-0.27,0.46,0.57,0.21,0.52,0.18
,14,1.00,2.00,50,48,2,2,888.0,888.0,36,36,2,4,5,3,4,3,4,3,5,3,4,4,4.43,3.43,-1.11,1.85,1.49,-0.77,0.26,-0.49,-0.42,-2.46,1.07,-1.26,0.34,-1.14,0.28,-1.49
,15,1.00,2.00,51,56,2,2,888.0,888.0,256,256,2,2,4,3,3,4,5,4,4,4,4,4,,,-1.29,-0.28,0.58,-0.40,-0.64,-0.31,1.24,0.46,0.31,0.08,-0.33,-1.14,,
,16,1.00,2.00,51,50,2,2,888.0,888.0,281,281,4,2,2,3,3,4,4,4,4,5,4,5,,,0.84,-1.35,-1.97,-0.22,-0.64,0.04,0.41,1.09,0.12,1.61,-0.11,0.44,,
,17,1.00,2.00,20,25,1,1,14.5,14.5,15,15,3,2,4,4,4,4,4,4,3,5,4,4,,,-0.58,-0.81,0.21,1.06,-0.10,0.22,-0.22,-0.16,-1.41,1.04,0.12,0.21,,
,18,1.00,2.00,44,55,2,2,888.0,888.0,266,266,2,3,5,4,4,4,4,4,5,5,4,4,,,-1.29,0.07,1.13,0.87,0.61,0.94,0.41,0.04,1.46,1.80,0.12,-0.24,,
,19,1.00,2.00,73,74,2,2,888.0,888.0,631,631,3,2,4,4,4,5,5,4,4,5,4,4,,,-0.23,-0.81,0.40,1.06,0.97,1.83,1.45,-0.16,-0.46,1.42,-0.79,0.21,,
,20,1.00,2.00,44,44,2,2,888.0,888.0,252,252,2,2,5,4,3,3,4,4,5,5,5,5,4.29,5.00,-1.29,-0.46,1.13,0.87,-0.64,-1.39,-0.01,0.67,1.27,1.61,0.57,1.12,0.04,1.13
,21,1.00,2.00,59,49,2,2,888.0,888.0,251,251,3,3,4,4,4,4,4,4,2,4,3,5,4.86,4.71,0.13,0.61,0.58,0.33,1.15,0.58,-0.22,0.25,-2.75,-0.49,-1.47,0.67,1.00,0.65
,22,1.00,2.00,52,50,2,2,888.0,888.0,246,246,3,2,5,5,4,5,4,4,5,4,5,5,4.71,4.71,0.13,-0.28,1.31,1.60,0.97,2.01,0.20,0.25,1.07,0.27,1.02,0.67,0.76,0.65
,23,1.00,2.00,21,29,1,1,8.0,8.0,8,8,3,2,4,5,4,4,3,4,4,4,5,5,4.71,4.71,0.30,-1.35,0.76,1.42,0.44,0.22,-1.05,-0.37,-0.65,0.08,1.02,1.12,0.76,0.65
,24,1.00,2.00,52,53,2,2,888.0,888.0,287,287,3,2,4,4,4,4,4,4,3,4,4,5,,,0.13,-0.99,0.58,0.69,0.08,0.22,-0.01,-0.58,-1.80,0.85,-0.56,0.89,,
,25,1.00,2.00,24,28,2,2,888.0,888.0,39,39,3,3,4,4,3,3,3,3,4,3,5,5,,,0.66,0.61,0.40,0.51,-0.38,-1.21,-1.47,-1.21,0.31,-1.07,0.57,0.67,,
,26,1.00,2.00,50,51,2,2,888.0,888.0,317,317,3,1,4,4,4,4,4,4,4,3,4,4,4.57,4.14,-0.23,-1.52,0.58,0.87,0.61,-0.21,-0.01,-0.16,-0.07,-1.45,-0.33,-0.92,0.52,-0.30
,27,1.00,2.00,50,67,2,2,888.0,888.0,197,197,3,4,4,3,4,4,4,4,5,4,3,4,4.00,3.43,0.13,1.85,0.58,-0.40,0.26,0.22,-0.42,0.04,1.07,0.46,-1.24,-0.92,-0.43,-1.49
,28,1.00,2.00,43,44,2,2,888.0,888.0,255,255,5,3,3,3,4,3,3,4,3,4,4,4,,,2.26,0.07,-1.43,-0.40,-0.10,-1.21,-1.26,0.04,-1.61,0.08,-0.79,-0.46,,
,29,1.00,2.00,69,75,2,2,888.0,888.0,581,581,3,2,3,2,3,3,4,4,4,4,4,4,,,-0.05,-1.04,-0.70,-1.86,-0.64,-2.00,0.83,0.25,0.69,0.46,-0.79,-0.46,,
,30,1.00,2.00,22,30,1,1,15.0,15.0,15,15,3,4,3,2,4,4,5,2,3,3,5,4,,,0.66,1.49,-1.79,-2.04,0.61,0.22,1.24,-3.30,-1.22,-1.83,0.80,-0.01,,
,31,1.00,2.00,57,57,2,2,888.0,888.0,289,289,4,2,3,3,3,4,4,4,4,3,4,4,4.00,4.14,1.37,-0.10,-1.61,-0.22,-1.18,-0.13,-0.22,0.67,-0.84,-1.64,-0.33,-0.46,-0.43,-0.30
,32,1.00,2.00,50,60,2,2,888.0,888.0,291,291,4,2,4,4,4,4,4,4,4,4,5,5,,,0.84,-0.81,0.03,0.33,1.15,0.04,-0.01,0.25,0.69,0.27,0.57,0.44,,
,33,1.00,2.00,50,50,2,2,888.0,888.0,282,282,2,3,4,5,3,4,4,4,3,4,5,5,5.00,4.43,-1.47,0.78,0.40,1.42,-1.00,0.40,-0.42,0.67,-1.22,0.08,1.25,0.89,1.23,0.18
,34,1.00,2.00,26,26,1,1,1.0,2.5,1,3,3,2,4,3,4,4,4,4,4,3,5,5,,,-0.41,-0.46,0.76,-0.40,-0.28,1.30,-0.22,1.09,0.50,-1.07,1.25,0.89,,
,35,1.00,2.00,51,53,2,2,888.0,888.0,325,325,3,3,4,2,3,3,4,4,4,4,4,4,4.14,3.86,-0.05,0.78,0.21,-2.04,-0.82,-1.03,-0.42,0.46,-0.27,0.27,0.12,-0.69,-0.20,-0.78
,36,1.00,2.00,21,20,1,1,46.0,46.0,46,46,4,3,4,3,3,2,3,3,4,4,4,4,,,1.72,0.25,0.76,-0.22,-1.18,-2.28,-1.26,-1.21,-0.46,0.66,0.12,0.21,,
,37,1.00,2.00,49,50,2,2,888.0,888.0,267,267,3,2,4,3,4,3,4,4,4,4,5,5,4.57,4.71,0.30,-0.10,0.94,-1.13,0.79,-0.49,-0.22,0.67,0.12,-0.30,0.57,0.89,0.52,0.65
,38,1.00,2.00,74,75,2,2,888.0,888.0,615,615,3,3,3,4,3,4,4,4,5,4,5,5,5.00,5.00,0.48,0.43,-0.88,0.33,-0.46,0.94,-0.63,0.04,1.07,0.85,1.25,1.12,1.23,1.13
,39,1.00,2.00,49,55,2,2,888.0,888.0,277,277,2,4,4,3,4,4,4,4,4,3,4,4,,,-1.47,1.49,0.21,-0.22,-0.28,1.12,-0.22,0.04,0.12,-0.88,-0.56,-0.01,,
,40,1.00,2.00,79,81,2,2,888.0,888.0,647,647,3,3,3,3,3,3,3,4,4,4,4,5,4.14,4.71,0.48,0.25,-1.61,-1.50,-0.82,-0.49,-1.26,1.09,-0.65,0.66,0.34,0.67,-0.20,0.65
,41,1.00,2.00,48,52,2,2,888.0,888.0,266,266,3,3,4,4,3,3,4,3,5,4,4,4,,,0.13,1.32,-0.15,0.14,-0.82,-1.75,0.41,-2.04,0.88,0.08,-0.56,-0.24,,
,42,1.00,2.00,52,51,2,2,888.0,888.0,254,254,4,3,2,3,5,3,5,4,4,4,5,4,3.43,3.57,1.72,0.61,-1.97,-1.32,1.69,-1.75,1.66,-0.16,0.50,-0.68,1.02,-1.14,-1.39,-1.25
,43,1.00,2.00,21,22,1,1,6.5,6.5,7,7,3,3,5,3,4,3,3,3,5,4,5,4,,,0.48,0.43,1.86,-0.77,0.79,-1.75,-1.05,-1.00,1.07,-0.11,1.25,-0.46,,
,44,1.00,2.00,86,85,2,2,888.0,888.0,721,721,2,2,3,3,3,4,5,4,4,4,4,5,,,-2.00,-0.64,-1.43,-0.22,-0.64,0.76,1.87,0.00,-0.07,0.08,-0.33,0.89,,
,45,1.00,2.00,50,58,2,2,888.0,888.0,264,264,4,2,4,4,3,4,4,4,4,4,5,5,4.29,3.86,1.55,-0.10,0.03,0.33,-0.46,-0.31,1.04,-0.16,-0.84,-0.49,0.57,0.67,0.04,-0.78
,46,1.00,2.00,77,77,2,2,888.0,888.0,628,628,2,3,4,3,4,2,4,4,4,4,4,5,,,-1.29,0.43,-0.15,-0.95,0.79,-2.46,0.41,0.67,-0.65,-0.11,0.34,0.67,,
,47,1.00,2.00,57,57,2,2,888.0,888.0,351,351,3,2,5,4,3,4,4,4,5,4,5,4,,,-0.58,-0.28,1.49,0.69,-0.46,0.76,0.20,0.88,1.65,-0.11,1.02,-0.46,,
,48,1.00,2.00,19,20,1,1,13.0,13.0,13,13,4,4,4,4,3,3,3,3,3,4,5,5,5.00,5.00,1.01,1.49,0.21,0.51,-0.46,-0.49,-1.68,-0.79,-1.99,-0.30,1.25,1.12,1.23,1.13
,49,1.00,2.00,53,58,2,2,888.0,888.0,269,269,4,2,5,4,4,3,4,4,4,3,5,4,4.43,4.00,0.84,-0.23,1.13,0.14,0.61,-1.21,-0.26,1.30,-0.07,-1.07,0.57,-0.92,0.28,-0.54
,50,1.00,2.00,77,83,2,2,888.0,888.0,657,657,3,2,5,4,5,3,4,4,5,4,3,3,,,-0.23,-0.28,1.67,0.87,1.51,-0.49,-0.84,-0.37,1.07,-0.68,-1.92,-1.60,,
,51,1.00,2.00,53,56,2,2,888.0,888.0,316,316,2,3,3,4,3,4,4,4,5,4,3,4,,,-1.47,0.78,-0.51,0.33,-0.64,-0.31,-0.22,0.04,1.07,-0.49,-1.69,-0.92,,
,52,1.00,2.00,22,23,1,1,8.0,8.0,8,8,3,3,4,3,4,4,4,4,4,3,5,5,5.00,4.57,-0.58,0.78,0.58,-0.95,0.44,0.94,0.62,1.09,0.69,-1.45,1.25,0.44,1.23,0.42
,53,1.00,2.00,20,19,1,1,6.5,6.5,7,7,4,4,3,3,4,4,3,3,4,4,4,5,,,1.55,1.67,-0.51,-0.59,0.97,0.22,-2.09,-2.25,0.12,0.08,0.34,1.12,,
,54,1.00,2.00,52,55,2,2,888.0,888.0,357,357,4,2,3,4,5,4,3,4,4,3,3,4,,,1.55,-0.99,-0.51,0.33,1.87,0.40,-1.05,0.04,-0.07,-1.21,-1.47,-0.92,,
,55,1.00,2.00,48,47,2,2,888.0,888.0,294,294,2,3,5,3,4,3,5,4,5,4,5,5,4.86,4.71,-1.47,0.43,1.86,-0.40,0.79,-1.39,1.87,1.09,1.65,-0.68,1.25,0.67,1.00,0.65
,56,1.00,2.00,78,79,2,2,888.0,888.0,691,691,3,3,3,4,3,3,4,4,4,4,5,4,,,-0.41,1.32,-1.24,0.14,-1.89,-0.85,0.20,-0.16,0.12,0.08,0.57,-0.01,,
,57,1.00,2.00,48,47,2,2,888.0,888.0,238,238,3,2,4,5,4,4,4,3,4,4,4,5,,,0.13,-0.46,0.03,1.42,0.97,0.40,0.83,-1.21,-0.27,0.08,-1.01,0.44,,
,58,1.00,2.00,49,54,2,2,888.0,888.0,276,276,4,2,4,3,4,4,4,4,4,4,5,5,4.71,4.57,1.19,-0.64,0.58,-1.50,0.97,0.94,-0.84,-0.16,0.50,-0.11,1.02,0.67,0.76,0.42
,59,1.00,2.00,52,53,2,2,888.0,888.0,274,274,2,3,4,3,4,3,4,4,5,4,4,3,,,-1.29,0.78,0.58,-0.40,0.26,-0.67,0.20,0.88,0.88,-0.30,-0.79,-2.27,,
,60,1.00,2.00,75,77,2,2,888.0,888.0,636,636,4,3,4,4,4,4,4,5,4,3,3,4,3.57,4.43,1.72,0.43,0.76,1.24,-0.28,1.12,-0.84,2.55,0.12,-1.45,-1.69,-0.46,-1.15,0.18
,61,1.00,2.00,50,51,2,2,888.0,888.0,317,317,3,2,4,2,4,4,5,4,4,5,4,5,4.57,4.71,-0.23,-0.46,0.21,-1.68,0.08,0.04,2.08,0.67,0.50,1.23,-0.11,1.12,0.52,0.65
,62,1.00,2.00,52,52,2,2,888.0,888.0,266,266,3,2,4,5,4,5,4,4,4,4,5,5,4.86,5.00,0.13,-0.10,0.40,1.79,0.61,1.83,0.83,0.04,-0.65,-0.68,1.02,1.12,1.00,1.13
,63,1.00,2.00,20,25,1,1,10.0,11.0,10,11,4,3,5,4,4,3,3,3,4,4,5,4,4.57,4.29,1.37,0.25,1.31,0.14,1.15,-1.75,-1.05,-1.63,0.50,-0.11,0.80,-0.01,0.52,-0.06
,64,1.00,2.00,50,53,2,2,888.0,888.0,316,316,2,2,5,4,4,4,4,4,4,4,4,4,,,-1.29,-1.35,1.31,1.06,0.08,0.40,-0.42,-0.16,-0.27,0.85,-0.33,-0.69,,
,65,1.00,2.00,21,20,1,1,10.0,10.0,10,10,3,2,3,4,4,3,4,5,3,3,5,5,4.86,5.00,0.13,-0.99,-0.70,-0.04,0.26,-1.21,0.20,1.71,-1.22,-1.83,0.80,1.12,1.00,1.13
,66,1.00,2.00,50,53,2,2,888.0,888.0,282,282,2,3,4,4,4,4,5,4,5,4,4,4,4.29,3.86,-1.82,1.14,0.94,0.14,0.08,-0.31,1.87,0.67,1.07,-0.11,-0.79,-0.01,0.04,-0.78
,67,1.00,2.00,79,77,2,2,888.0,888.0,658,658,4,4,3,4,3,3,4,4,4,4,5,5,4.57,5.00,0.84,1.85,-0.70,0.51,-1.71,-1.39,0.83,0.46,-0.07,0.66,1.02,0.89,0.52,1.13
,68,1.00,2.00,20,22,1,1,20.0,20.0,20,20,3,2,3,4,4,3,3,4,3,5,4,4,3.71,4.00,0.48,-0.28,-1.06,-0.04,0.08,-0.49,-1.05,0.04,-1.61,1.23,-0.33,-0.01,-0.91,-0.54
,69,1.00,2.00,44,48,2,2,888.0,888.0,212,212,4,3,3,4,4,4,4,4,4,4,3,4,3.14,3.86,1.19,0.96,-0.88,-0.04,0.61,0.40,-0.84,-0.58,0.50,-0.30,-1.92,-0.69,-1.86,-0.78
,70,1.00,2.00,66,70,2,2,888.0,888.0,559,559,2,3,4,3,3,4,4,3,3,4,4,4,4.29,4.00,-1.29,0.07,-0.33,-0.95,-1.35,-0.21,-0.63,-1.21,-1.41,0.85,-0.11,-0.24,0.04,-0.54
,71,1.00,2.00,19,21,1,1,33.0,33.0,33,33,3,3,3,4,4,3,4,3,5,4,5,4,,,0.66,0.07,-1.24,1.24,-0.10,-0.49,-0.22,-0.79,1.46,0.46,0.80,-0.24,,
,72,1.00,2.00,54,72,2,2,888.0,888.0,362,362,3,4,3,3,4,4,4,4,3,4,3,,,,0.13,1.67,-1.06,-0.77,-0.10,1.30,-0.01,-0.16,-1.61,0.08,-1.69,,,
,73,1.00,2.00,51,53,2,2,888.0,888.0,254,254,3,2,4,4,4,4,4,4,4,4,2,3,,,-0.23,-0.46,0.76,-0.04,0.44,0.04,-0.42,-0.58,0.12,-0.11,-3.95,-2.50,,
,74,1.00,2.00,55,47,2,2,888.0,888.0,168,168,4,3,4,2,4,3,4,4,5,3,5,4,5.00,5.00,2.08,1.14,-0.15,-1.86,0.26,-0.41,-0.63,0.04,1.07,-1.26,1.25,-0.46,1.23,1.13
,75,1.00,2.00,51,54,2,2,888.0,888.0,276,276,4,3,3,4,3,4,3,4,4,4,4,5,,,2.08,0.78,-1.24,0.51,-0.46,1.12,-1.47,0.88,0.31,0.27,-0.33,0.67,,
,76,1.00,2.00,49,51,2,2,888.0,888.0,265,265,4,2,3,3,3,3,4,3,5,4,3,4,3.86,3.43,1.55,-0.46,-0.44,-0.77,-0.82,-0.49,-0.26,-1.83,0.88,-0.11,-1.47,-0.92,-0.67,-1.49
,77,1.00,2.00,45,46,2,2,888.0,888.0,252,252,2,2,4,4,4,3,4,4,5,5,5,4,4.29,4.29,-0.76,-0.81,0.94,0.14,0.97,-1.92,0.41,0.88,1.65,1.23,0.57,-0.46,0.04,-0.06
,78,1.00,2.00,53,62,2,2,888.0,888.0,294,294,1,3,5,4,4,3,5,3,5,4,3,4,,,-2.53,0.07,1.31,1.06,1.15,-0.67,2.29,-1.63,1.65,0.27,-1.69,-0.92,,
,79,1.00,2.00,24,27,1,1,24.0,24.0,24,24,4,3,4,4,4,5,4,4,3,3,2,3,2.43,2.71,0.84,0.61,0.40,1.06,0.61,1.66,-0.84,0.25,-2.18,-1.64,-3.50,-2.50,-3.06,-2.68
,80,1.00,2.00,20,23,1,1,40.0,40.0,40,40,3,3,2,3,3,3,4,3,3,4,4,4,,,0.66,1.32,-1.97,-0.22,-0.82,-1.03,1.04,-1.21,-1.41,-0.49,-1.01,-0.69,,
,81,1.00,2.00,54,53,2,2,888.0,888.0,282,282,5,4,3,5,4,4,3,4,4,4,4,4,4.43,4.29,2.43,1.49,-0.51,1.60,1.15,1.30,-2.30,0.88,-0.46,0.66,-0.33,0.21,0.28,-0.06
,82,1.00,2.00,23,24,1,1,4.0,4.0,4,4,4,3,4,4,4,4,4,3,4,4,5,5,4.14,4.86,0.84,0.78,-0.15,0.51,0.97,0.58,0.41,-1.21,-0.27,0.08,1.02,1.12,-0.20,0.89
,83,1.00,2.00,19,20,1,1,29.0,29.0,29,29,4,4,3,3,4,3,4,4,4,1,4,3,,,1.55,2.20,-0.51,-0.40,0.44,-1.21,1.04,0.04,0.50,-4.51,-0.79,-1.82,,
,84,1.00,2.00,54,54,2,2,888.0,888.0,318,318,3,3,3,4,4,3,4,4,4,4,4,5,4.71,4.71,-0.23,0.61,-0.51,0.69,-0.28,-0.85,0.20,-0.58,-0.46,-0.11,0.34,0.89,0.76,0.65
,85,1.00,2.00,58,55,2,2,888.0,888.0,267,267,3,1,5,3,5,4,4,5,4,4,5,5,5.00,5.00,0.30,-1.88,1.86,-1.13,1.87,0.04,-0.01,1.51,-0.46,0.46,1.02,0.67,1.23,1.13
,86,1.00,2.00,47,59,2,2,888.0,888.0,220,220,3,3,4,4,5,4,4,4,5,4,5,4,4.29,4.29,0.30,0.07,-0.33,0.69,1.69,0.76,0.20,-0.37,1.27,-0.30,0.80,0.21,0.04,-0.06
,87,1.00,2.00,19,20,1,1,14.0,14.0,14,14,4,2,4,4,4,3,4,4,4,4,5,5,4.71,4.71,0.84,-0.64,0.58,0.69,-0.28,-1.57,-0.22,-0.16,-0.46,-0.11,1.25,1.12,0.76,0.65
,88,1.00,2.00,18,20,1,1,24.0,24.0,24,24,2,3,4,4,4,4,5,3,4,4,5,5,4.86,4.86,-0.76,0.43,0.58,0.69,-0.10,0.04,1.66,-1.21,0.50,-0.49,1.02,0.89,1.00,0.89
,89,1.00,2.00,47,51,2,2,888.0,888.0,254,255,4,2,4,4,3,4,3,4,4,4,5,5,4.86,4.86,1.19,-0.10,0.40,0.51,-1.53,-0.13,-1.47,-0.16,0.12,0.85,0.80,0.67,1.00,0.89
,90,1.00,2.00,76,80,2,2,888.0,888.0,586,586,3,2,4,3,3,3,5,3,5,4,4,4,4.43,3.86,-0.58,-0.64,0.40,-0.59,-0.82,-0.67,1.66,-1.83,1.27,0.46,-0.56,-0.24,0.28,-0.78
,91,1.00,2.00,56,56,2,2,888.0,888.0,257,257,5,2,4,3,3,3,5,5,3,4,4,4,,,2.61,-1.35,-0.33,-0.95,-1.35,-0.49,1.45,2.55,-1.22,0.66,-0.79,-0.24,,
,92,1.00,2.00,81,85,2,2,888.0,888.0,684,684,2,2,4,4,3,4,4,5,5,5,5,5,,,-1.11,-0.99,-0.33,0.87,-1.18,-0.31,0.83,1.51,0.88,1.42,1.02,0.89,,
,93,1.00,2.00,50,50,2,2,888.0,888.0,228,228,2,3,4,4,5,4,4,4,4,4,3,3,,,-0.76,0.07,0.94,0.14,1.51,0.76,0.62,0.67,-0.07,-0.11,-1.47,-1.82,,
,94,1.00,2.00,57,58,2,2,888.0,888.0,291,291,3,2,3,4,5,4,4,4,4,5,4,4,4.29,4.43,0.30,-0.99,-1.24,0.14,2.05,-0.13,0.62,1.09,0.31,1.61,-1.01,-0.46,0.04,0.18
,95,1.00,2.00,69,69,2,2,888.0,888.0,503,503,4,4,3,3,3,4,4,3,4,4,4,4,,,1.72,2.56,-0.88,-0.22,-1.53,0.58,-0.01,-1.00,0.12,-0.68,-0.79,-0.69,,
,96,1.00,2.00,18,18,1,1,13.0,13.0,13,13,3,2,3,4,4,4,4,4,5,3,4,4,,,0.48,-0.99,-1.24,1.24,0.97,1.30,-0.84,1.30,1.07,-1.07,0.12,-0.92,,
,97,1.00,2.00,50,57,2,2,888.0,888.0,325,325,2,2,4,3,3,4,4,4,5,4,4,4,,,-1.29,-0.46,0.94,-0.59,-1.35,-0.13,0.41,0.25,1.65,0.27,-0.56,-0.24,,
,98,1.00,2.00,53,51,2,2,888.0,888.0,242,242,3,3,3,4,4,4,4,4,4,5,3,3,,,0.66,0.07,-0.51,0.87,0.08,0.58,0.41,0.04,0.69,1.42,-1.47,-1.82,,
,99,1.00,2.00,49,49,2,2,888.0,888.0,241,241,3,2,3,3,3,4,4,4,3,4,4,4,,,0.13,-0.46,-1.43,-0.59,-1.18,0.40,-0.22,-0.58,-1.22,-0.11,0.34,-0.46,,
,100,1.00,2.00,49,47,2,2,888.0,888.0,232,228,2,4,4,5,4,5,4,4,5,5,5,5,,,-1.11,1.85,0.76,1.42,0.08,1.66,1.04,0.04,1.46,1.23,1.02,0.44,,
,101,1.00,2.00,74,80,2,2,888.0,888.0,600,600,3,2,4,4,4,5,4,4,4,5,5,5,4.71,4.29,0.48,-0.99,0.94,0.87,0.08,1.48,0.83,0.04,0.50,1.42,1.02,0.89,0.76,-0.06
,102,1.00,2.00,19,20,1,1,21.0,21.0,21,21,4,2,3,2,3,3,3,4,3,3,5,4,4.43,4.14,1.37,-0.81,-0.51,-1.68,-0.46,-1.75,-1.89,0.04,-1.80,-1.64,0.80,0.21,0.28,-0.30
,103,1.00,2.00,43,46,2,2,888.0,888.0,261,261,4,3,1,3,3,3,4,4,2,4,4,4,4.29,4.14,2.08,1.14,-3.61,-1.13,-1.00,-0.49,1.04,0.25,-4.29,0.46,-0.11,0.21,0.04,-0.30
,104,1.00,2.00,46,55,2,2,888.0,888.0,251,251,2,2,4,4,4,4,5,4,4,5,5,5,,,-1.29,-1.35,0.03,0.87,0.61,0.22,1.45,0.25,0.31,1.42,1.25,1.12,,
,105,1.00,2.00,82,92,2,2,888.0,888.0,756,756,2,3,4,3,4,4,4,3,3,4,5,5,,,-0.76,0.61,0.40,-0.59,0.44,-0.13,0.83,-1.00,-2.56,-0.49,1.25,1.12,,
,106,1.00,2.00,49,48,2,2,888.0,888.0,218,218,3,2,3,3,4,4,5,4,3,4,4,4,4.43,4.29,-0.58,-0.28,-1.79,-0.22,0.44,0.04,1.24,0.04,-1.41,0.08,-0.11,-0.01,0.28,-0.06
,107,1.00,2.00,48,56,2,2,888.0,888.0,265,265,2,2,4,4,3,3,4,4,5,4,5,5,4.71,4.86,-0.94,-0.46,0.76,0.33,-0.46,-0.49,0.41,0.04,1.27,0.66,0.57,0.89,0.76,0.89
,108,1.00,2.00,47,56,2,2,888.0,888.0,252,252,3,2,4,4,3,4,4,4,4,4,3,5,,,-0.41,-0.81,0.76,1.24,-1.00,0.22,1.04,0.46,0.12,0.46,-1.92,0.67,,
,109,1.00,2.00,79,80,2,2,888.0,888.0,596,596,4,4,2,5,4,4,3,3,5,4,4,3,,,1.72,1.49,-2.34,1.60,0.08,-0.13,-1.89,-1.63,1.46,-0.49,-0.56,-2.73,,
,110,1.00,2.00,75,78,2,2,888.0,888.0,623,634,2,1,4,5,5,4,4,5,4,4,4,5,4.57,4.86,-0.76,-1.88,0.40,1.60,1.51,0.22,0.83,2.13,0.12,0.85,0.34,1.12,0.52,0.89
,111,1.00,2.00,18,18,1,1,15.0,15.0,15,15,3,2,4,4,4,5,4,4,4,4,5,5,,,-0.05,-0.28,0.21,0.69,0.26,1.83,-0.22,0.46,-0.65,0.85,1.02,1.12,,
,112,1.00,2.00,45,49,2,2,888.0,888.0,242,242,2,3,3,3,4,4,4,5,4,4,3,4,3.71,4.14,-1.29,1.32,-1.43,-0.95,1.15,0.76,0.41,1.51,-0.46,0.08,-1.24,-0.24,-0.91,-0.30
,113,1.00,2.00,52,53,2,2,888.0,888.0,261,261,2,3,4,3,4,4,4,4,4,4,4,4,,,-0.76,0.78,0.40,-0.40,0.08,0.58,0.20,-0.16,-0.27,-0.11,-0.79,-1.14,,
,114,1.00,2.00,52,53,2,2,888.0,888.0,219,219,3,2,4,4,5,4,4,4,3,4,4,4,4.43,4.14,0.30,-0.81,0.40,0.51,1.51,1.30,-0.42,0.67,-1.03,0.46,0.34,-0.24,0.28,-0.30
,115,1.00,2.00,51,50,2,2,888.0,888.0,277,277,3,2,5,3,4,3,4,3,4,4,4,4,3.29,3.57,-0.05,-0.64,1.49,-1.50,0.08,-1.39,-0.01,-0.79,-0.46,0.08,-0.33,-0.92,-1.63,-1.25
,116,1.00,2.00,16,19,1,1,22.0,22.0,22,22,3,3,4,3,4,4,3,4,3,4,4,4,4.86,4.57,0.48,1.14,0.76,-0.40,0.26,0.40,-1.26,-0.37,-1.03,0.08,0.12,-0.92,1.00,0.42
,117,1.00,2.00,45,53,2,2,888.0,888.0,204,204,3,2,4,4,5,4,4,4,4,4,4,4,,,-0.41,-0.64,0.19,0.69,1.87,-0.13,0.62,0.46,0.31,-0.68,-0.11,-0.92,,
,118,1.00,2.00,48,50,2,2,888.0,888.0,246,246,4,1,4,4,4,4,4,4,4,4,4,4,3.71,3.86,1.19,-1.70,0.58,0.51,0.79,0.40,-0.84,0.67,-0.84,0.66,-0.56,-0.69,-0.91,-0.78
,119,1.00,2.00,43,999,2,2,888.0,888.0,237,237,4,3,2,2,3,2,3,3,3,3,3,3,3.29,3.00,1.37,0.61,-2.16,-1.68,-1.71,-2.64,-2.51,-2.04,-2.37,-2.03,-1.24,-2.05,-1.63,-2.20
,120,1.00,2.00,50,52,2,2,888.0,888.0,291,291,3,1,4,3,3,3,3,3,4,4,5,5,4.86,4.57,0.13,-1.58,0.03,-0.48,-2.07,-1.72,-1.47,-1.03,0.50,0.57,0.57,0.44,1.00,0.42
,121,1.00,2.00,45,51,1,4,255.0,255.0,255,252,3,2,4,4,4,3,4,4,5,4,4,4,,,0.13,-0.64,0.58,0.51,0.61,-0.67,0.20,0.46,0.88,-0.30,-1.01,-0.46,,
,122,1.00,2.00,46,49,2,2,888.0,888.0,234,234,1,2,4,4,4,4,4,4,4,4,4,4,,,-2.18,-0.28,0.94,0.69,1.33,0.94,0.62,0.04,0.69,0.46,-0.79,-0.69,,
,123,1.00,2.00,80,79,2,2,888.0,888.0,640,640,2,3,2,3,3,4,4,3,5,3,4,,,,-1.82,1.32,-2.52,-0.22,-1.71,1.12,0.62,-1.21,1.46,-1.26,-0.33,,,
,124,1.00,2.00,41,43,2,2,888.0,888.0,257,257,3,3,3,4,3,3,4,4,4,4,4,4,4.14,4.00,0.30,0.07,-0.88,-0.04,-1.71,-1.21,0.20,0.46,0.50,-0.11,0.34,-0.01,-0.20,-0.54
,125,1.00,2.00,69,69,2,2,888.0,888.0,563,563,3,3,4,4,4,4,3,4,4,4,4,4,3.71,3.57,0.48,0.43,0.40,0.51,0.08,-0.13,-1.47,0.00,0.50,0.85,-0.79,-0.92,-0.91,-1.25
,126,1.00,2.00,19,20,1,1,49.0,49.0,49,49,2,2,5,3,4,3,4,4,5,3,5,4,,,-0.94,-0.46,1.13,-0.40,-0.10,-1.75,0.41,0.04,1.46,-1.07,1.02,-0.24,,
,127,1.00,2.00,18,19,1,1,20.0,20.0,20,20,2,2,5,4,4,4,4,3,5,3,5,5,,,-1.82,-1.17,1.31,1.24,0.44,-0.31,0.90,-1.21,0.79,-1.26,1.02,0.44,,
,128,1.00,2.00,19,18,1,1,28.0,28.0,28,28,3,3,4,4,3,4,4,4,4,3,5,5,,,0.66,0.96,0.03,0.87,-0.46,0.58,-0.01,-0.16,-0.46,-0.88,1.25,0.89,,
,129,1.00,2.00,18,19,1,1,19.0,19.0,19,19,3,3,5,3,3,4,4,3,3,3,5,5,,,-0.23,0.25,1.13,-0.95,-0.46,0.04,0.62,-0.79,-1.80,-2.22,1.02,0.67,,
,130,1.00,2.00,25,25,1,1,85.0,85.0,85,85,3,3,3,5,4,4,4,4,4,4,5,4,4.43,4.57,-0.58,0.25,-0.51,1.60,0.08,1.30,-0.01,0.25,0.31,-0.49,0.80,-0.01,0.28,0.42
,131,1.00,2.00,999,51,1,1,146.0,146.0,146,146,3,2,2,3,4,3,4,4,4,4,3,4,2.86,3.29,0.66,-0.64,-2.70,-0.95,0.08,-1.39,-0.01,0.04,-0.07,-0.11,-1.92,-0.69,-2.34,-1.73
,132,1.00,2.00,65,71,2,2,888.0,888.0,445,445,3,1,5,3,5,3,2,4,4,4,2,4,2.57,3.86,0.66,-1.52,1.86,-1.13,1.87,-0.49,-4.60,0.67,-0.07,0.66,-3.05,-0.69,-2.82,-0.78
,133,1.00,2.00,41,40,2,2,888.0,888.0,219,219,3,2,4,4,4,4,4,4,4,4,3,,,,-0.58,-0.28,0.03,1.06,0.44,0.38,-0.84,0.04,0.69,0.46,-1.92,,,
,134,1.00,2.00,68,76,4,5,72.0,80.0,76,76,3,3,4,3,4,4,4,4,4,5,3,3,3.43,2.86,0.30,1.14,0.21,-1.32,0.79,0.94,0.20,1.09,-0.07,1.04,-2.37,-2.73,-1.39,-2.44
,135,1.00,2.00,26,26,1,1,47.0,47.0,47,47,4,3,3,3,3,4,3,4,3,3,5,4,5.00,4.71,1.72,0.43,-1.79,-0.95,-0.82,0.58,-1.68,1.09,-1.41,-1.26,1.02,0.21,1.23,0.65
,136,1.00,2.00,24,23,1,1,87.0,87.0,87,87,2,2,4,3,4,3,4,4,5,4,4,5,4.43,4.57,-0.76,-0.28,0.76,-0.40,0.08,-0.67,-0.01,0.67,1.46,-0.30,0.34,0.67,0.28,0.42
,137,1.00,2.00,59,60,2,2,888.0,888.0,382,382,4,2,4,3,4,4,4,4,3,4,3,4,3.29,4.43,1.55,-0.81,0.21,-0.40,1.33,-0.31,-0.01,-0.37,-2.18,0.08,-1.47,-0.24,-1.63,0.18
,138,1.00,2.00,67,70,2,2,888.0,888.0,553,553,4,4,2,3,4,4,4,4,4,4,4,5,4.29,4.57,1.55,1.67,-1.97,-1.50,-0.28,1.12,0.20,-0.58,-0.07,0.27,0.34,0.67,0.04,0.42
,139,1.00,2.00,61,63,2,2,888.0,888.0,460,460,4,3,5,4,4,3,4,4,4,4,3,3,3.14,3.71,0.84,0.61,1.13,0.51,0.97,-0.85,-0.22,0.25,-0.07,0.08,-1.92,-1.60,-1.86,-1.01
,140,1.00,2.00,78,83,2,2,888.0,888.0,623,623,1,2,2,4,3,4,4,4,4,4,5,5,4.86,4.57,-2.18,-0.28,-2.52,0.14,-0.64,0.04,-0.42,1.09,-0.27,-0.11,1.25,0.44,1.00,0.42
,141,1.00,2.00,53,61,2,2,888.0,888.0,254,254,3,4,2,4,2,4,4,4,4,3,3,4,2.71,4.29,-0.58,1.49,-2.52,0.69,-2.61,1.12,-0.63,-0.16,-0.84,-1.07,-1.47,-0.46,-2.58,-0.06
,142,1.00,2.00,85,74,1,1,332.0,332.0,332,332,,2,,3,,3,,3,,4,3,4,3.00,3.86,,-0.03,,-1.32,,-1.57,,-0.79,,-0.11,-2.14,-0.01,-2.10,-0.78
,143,1.00,2.00,68,76,5,5,14.0,14.0,14,14,2,2,4,4,4,4,5,4,4,4,5,5,4.71,4.71,-1.29,-0.28,0.40,0.51,0.44,-0.31,1.24,0.04,0.69,0.46,1.02,0.89,0.76,0.65
,144,1.00,2.00,59,64,2,2,888.0,888.0,411,411,2,2,3,4,4,4,5,4,5,5,5,5,5.00,4.86,-1.11,-0.46,-0.88,0.51,0.79,-0.31,2.29,1.30,1.46,1.23,1.25,1.12,1.23,0.89
,145,1.00,2.00,26,30,1,1,44.0,44.0,44,44,4,2,4,3,4,5,4,3,4,3,5,5,4.43,4.14,1.37,-0.10,0.76,-0.22,-0.10,1.83,0.20,-2.04,0.31,-1.45,0.80,0.89,0.28,-0.30
,146,1.00,2.00,60,63,2,2,888.0,888.0,387,387,2,3,5,3,4,5,4,3,4,5,5,5,4.86,5.00,-1.65,0.43,1.86,-0.40,0.79,1.48,0.83,-1.63,0.31,1.04,1.02,1.12,1.00,1.13
,147,1.00,2.00,67,69,2,2,888.0,888.0,485,485,3,3,4,2,4,3,4,4,5,5,5,4,4.57,4.57,-0.41,0.78,-0.33,-1.86,1.33,-0.67,1.04,1.30,1.27,1.42,0.57,0.21,0.52,0.42
,148,1.00,2.00,39,38,2,2,888.0,888.0,182,182,4,3,5,3,3,3,4,4,5,4,5,5,4.86,4.57,0.84,0.25,1.13,-1.13,-1.35,-0.49,-0.42,-0.58,0.88,0.46,0.80,0.44,1.00,0.42
,149,1.00,2.00,68,69,2,2,888.0,888.0,578,578,4,3,4,3,4,5,5,3,4,4,3,2,,,0.98,0.61,0.15,-0.95,0.26,1.66,1.24,-1.63,0.62,-0.30,-2.37,-2.95,,
,150,1.00,2.00,66,78,4,5,213.0,213.0,213,213,3,1,4,5,5,4,4,4,4,5,4,4,3.29,4.00,-0.23,-1.70,0.21,1.97,1.51,1.30,-0.01,0.46,0.31,1.61,-0.56,-1.14,-1.63,-0.54
,151,1.00,2.00,48,52,2,2,888.0,888.0,277,277,1,3,4,4,4,4,4,4,5,4,4,4,4.86,4.14,-2.36,0.07,0.76,0.87,0.26,0.76,0.41,-0.16,1.27,0.46,-0.11,0.21,1.00,-0.30
,152,1.00,2.00,54,57,2,2,888.0,888.0,386,386,3,3,4,3,3,3,4,4,3,3,3,4,3.29,3.86,0.13,0.96,0.58,-0.56,-0.46,-1.03,-0.63,-0.37,-1.80,-0.88,-1.24,-0.01,-1.63,-0.78
,153,1.00,2.00,54,54,2,2,888.0,888.0,17,17,3,1,4,5,4,5,4,5,5,5,5,5,4.43,4.86,-0.58,-1.70,0.94,2.15,0.44,2.37,-0.22,1.51,1.07,1.04,0.57,1.12,0.28,0.89
,154,1.00,2.00,60,64,2,2,888.0,888.0,413,413,2,2,5,4,4,4,4,4,4,4,5,4,,,-0.94,-0.81,1.31,0.51,-0.28,0.58,-0.63,0.67,-0.27,0.66,1.02,-0.69,,
,155,1.00,2.00,54,55,2,2,888.0,888.0,379,379,,4,,3,,4,,4,,3,5,4,,,,1.67,,-0.77,,0.22,,0.04,,-2.41,1.02,0.21,,
,156,1.00,2.00,80,82,2,2,888.0,888.0,684,684,2,2,3,4,3,4,4,4,3,5,4,5,,,-1.09,-0.10,-1.24,0.51,-1.18,0.40,-0.22,0.67,-1.61,1.42,0.34,0.67,,
,157,1.00,2.00,76,76,2,2,888.0,888.0,646,646,3,2,3,3,4,3,4,4,4,4,5,5,4.71,4.57,-0.58,-0.10,-0.70,-0.59,0.08,-1.03,0.83,0.04,-0.84,0.27,1.25,0.89,0.76,0.42
,158,1.00,2.00,67,70,2,2,888.0,888.0,556,556,4,2,4,3,3,4,3,4,3,4,5,5,,,1.72,-0.28,0.21,-1.50,-1.89,-0.31,-1.89,0.88,-1.22,0.46,1.25,0.67,,
,159,1.00,2.00,68,68,2,2,888.0,888.0,570,570,3,3,4,3,2,4,4,4,4,4,4,4,4.14,4.14,0.48,0.78,0.21,-0.22,-2.61,0.40,0.41,-0.58,-0.46,-0.11,0.34,0.21,-0.20,-0.30
,160,1.00,2.00,75,74,2,2,888.0,888.0,619,619,2,1,3,4,3,4,4,4,4,4,5,5,5.00,4.71,-1.47,-1.52,-1.06,-0.04,-0.38,0.94,0.20,-0.37,0.69,-0.68,0.98,0.44,1.23,0.65
,161,1.00,2.00,55,67,2,2,888.0,888.0,338,338,2,2,5,4,5,4,4,4,4,4,5,5,,,-1.82,-0.28,1.13,0.51,1.69,0.58,0.83,0.46,0.69,0.66,1.02,0.67,,
,162,1.00,2.00,48,47,2,2,888.0,888.0,252,252,2,2,4,3,4,4,4,4,5,4,4,5,,,-1.29,-0.28,0.94,-0.59,0.08,0.22,0.83,0.46,0.88,0.27,-0.11,0.44,,
,163,1.00,2.00,58,58,6,6,200.0,200.0,200,200,3,2,4,4,3,3,3,4,4,4,5,4,,,-0.58,-0.10,0.94,-0.04,-0.46,-2.10,-1.26,-0.16,-0.46,0.27,0.80,-0.01,,
,164,1.00,2.00,78,79,2,2,888.0,888.0,665,665,4,2,2,4,3,3,4,3,4,4,5,5,5.00,5.00,1.01,-0.99,-2.16,0.33,-1.35,-1.21,0.20,-1.00,0.50,0.46,1.25,1.12,1.23,1.13
,165,1.00,2.00,53,56,2,2,888.0,888.0,390,390,2,2,5,4,4,4,5,4,5,3,5,5,4.86,4.71,-2.00,-0.46,1.86,1.24,1.33,1.30,2.08,1.09,1.65,-1.07,1.02,0.67,1.00,0.65
,166,1.00,2.00,80,77,2,2,888.0,888.0,624,624,3,3,5,3,4,4,5,3,3,3,4,3,4.14,3.00,0.13,0.61,1.67,-1.13,0.79,0.04,1.66,-1.00,-1.41,-0.88,-0.56,-1.82,-0.20,-2.20
,167,1.00,2.00,75,77,2,2,888.0,888.0,589,589,4,2,2,3,3,4,4,4,4,4,3,4,3.29,3.71,1.01,-0.64,-2.89,-1.50,-1.18,0.04,0.41,0.88,-0.84,-0.30,-1.69,-0.92,-1.63,-1.01
,168,1.00,2.00,62,63,2,2,888.0,888.0,391,391,2,2,4,3,3,4,4,3,4,5,5,5,4.57,4.71,-1.82,-1.17,0.21,-0.95,-1.18,0.76,-0.01,-1.83,0.50,1.61,0.80,0.44,0.52,0.65
,169,1.00,2.00,69,73,2,2,888.0,888.0,600,600,2,3,3,3,3,4,4,3,4,3,4,4,,,-1.29,0.96,-0.70,-0.59,-1.00,-0.13,-0.22,-1.00,0.50,-1.45,-0.33,-0.69,,
,170,1.00,2.00,40,45,2,2,888.0,888.0,160,160,3,2,4,4,3,4,3,3,4,4,4,4,,,-0.23,-0.64,0.58,1.06,-0.82,-0.31,-2.30,-1.63,-0.27,0.85,-0.11,0.21,,
,171,1.00,2.00,75,81,1,5,180.0,180.0,180,180,2,2,3,3,4,4,4,4,4,4,4,5,,,-0.94,-1.35,-0.88,-0.59,0.79,1.30,-0.42,0.67,0.12,-0.68,-0.56,0.67,,
,172,1.00,2.00,47,52,2,2,888.0,888.0,269,269,3,2,4,5,4,4,4,4,4,4,5,5,4.86,4.71,-0.41,-0.99,0.21,1.79,0.61,0.94,-0.42,0.25,0.12,0.46,0.57,0.89,1.00,0.65
,173,1.00,2.00,79,83,2,2,888.0,888.0,665,665,2,1,4,4,4,3,5,5,4,5,4,5,4.00,4.86,-1.65,-1.70,0.58,-0.04,0.61,-1.21,1.24,1.71,-0.65,1.42,-0.33,1.12,-0.43,0.89
,174,1.00,2.00,54,59,2,2,888.0,888.0,351,351,4,2,3,4,4,4,5,4,4,5,4,5,4.57,4.29,0.84,-0.81,-0.70,0.27,0.61,0.58,1.45,1.30,-0.07,1.04,0.34,0.44,0.52,-0.06
,175,1.00,2.00,84,88,2,2,888.0,888.0,746,746,3,3,4,4,4,4,5,4,5,4,4,5,,,0.30,1.14,0.58,-0.04,-0.28,0.04,2.08,-0.58,0.88,0.85,0.12,0.67,,
,176,1.00,2.00,20,29,1,1,22.0,22.0,22,22,3,3,4,3,4,4,3,3,3,4,5,5,4.86,4.86,0.66,0.96,-0.33,-1.13,0.61,0.58,-1.05,-0.79,-1.03,-0.11,0.80,1.12,1.00,0.89
,177,1.00,2.00,19,22,1,1,12.0,12.0,12,12,3,2,3,3,4,4,3,4,4,4,4,4,4.71,4.71,0.48,-0.81,-0.70,-0.40,-0.10,-0.31,-1.68,-0.37,-0.46,0.08,0.34,-0.01,0.76,0.65
,178,1.00,2.00,19,21,1,1,33.0,33.0,33,33,2,2,4,3,4,3,5,4,3,3,4,4,,,-1.47,-0.46,-0.15,-1.32,0.61,-0.85,1.66,0.88,-1.80,-0.88,-0.11,0.21,,
,179,1.00,2.00,52,53,2,2,888.0,888.0,313,313,2,3,4,4,3,4,5,4,4,5,4,4,3.71,3.14,-2.00,0.61,0.76,0.69,-0.46,0.04,1.24,1.09,0.31,1.04,-0.79,-0.99,-0.91,-1.97
,180,1.00,2.00,20,26,1,1,46.0,46.0,46,46,3,2,4,3,3,3,4,4,3,5,4,5,,,-0.05,-0.64,0.40,-1.32,-0.46,-1.39,-0.42,0.04,-1.22,1.23,0.12,0.44,,
,181,1.00,2.00,20,23,1,1,67.5,67.5,68,68,3,3,4,3,3,4,4,4,4,4,4,4,,,-0.41,0.61,0.40,-0.22,-0.46,0.94,1.04,-0.16,0.31,-0.68,-0.11,-0.46,,
,182,1.00,2.00,20,21,1,1,35.0,35.0,35,35,3,3,3,3,4,4,4,4,3,3,4,5,,,0.30,0.96,-1.06,-0.95,0.97,0.04,-0.01,-0.58,-1.61,-0.88,0.34,0.89,,
,183,1.00,2.00,58,60,2,2,888.0,888.0,404,404,3,3,4,4,4,3,4,4,4,4,5,5,,,-0.41,0.07,0.03,0.07,0.02,-1.39,-0.22,0.67,0.50,0.27,1.25,0.67,,
,184,1.00,2.00,47,50,2,2,888.0,888.0,267,267,4,2,4,4,4,4,4,4,4,3,3,4,,,1.37,-0.64,-0.15,0.14,-0.10,1.30,-0.84,0.04,0.12,-2.22,-1.69,-1.14,,
,185,1.00,2.00,30,29,1,1,57.0,57.0,57,57,3,2,3,4,4,4,4,4,3,3,5,4,5.00,5.00,-0.23,-0.46,-0.51,0.69,0.44,0.22,0.83,0.25,-1.03,-0.88,1.25,0.21,1.23,1.13
,186,1.00,2.00,28,24,1,1,14.0,14.0,14,14,3,2,4,3,4,3,4,3,4,4,5,5,4.29,3.00,0.48,-0.10,0.94,-1.32,-0.28,-0.67,-0.42,-1.21,0.12,0.66,1.02,0.89,0.04,-2.20
,187,1.00,2.00,58,63,2,2,888.0,888.0,400,400,3,3,3,3,3,3,4,4,4,4,4,5,3.57,4.29,-0.28,0.43,-1.24,-0.22,-1.53,-1.75,-0.63,0.04,0.50,0.46,-0.33,0.44,-1.15,-0.06
,188,1.00,2.00,21,21,1,1,88.0,88.0,88,88,3,2,4,4,3,3,3,4,5,2,5,5,,,-0.41,-0.99,0.76,-0.04,-0.82,-1.03,-1.05,1.30,0.88,-2.60,1.25,0.67,,
,189,1.00,2.00,49,50,2,2,888.0,888.0,277,277,3,2,4,3,5,4,3,4,4,5,3,3,3.00,2.71,-0.23,-0.46,0.81,-0.59,1.87,-0.31,-2.51,0.25,-0.84,1.04,-2.37,-2.05,-2.10,-2.68
,190,1.00,2.00,79,79,2,2,888.0,888.0,651,651,3,3,3,4,4,4,4,4,4,4,4,,4.29,4.43,-0.58,0.61,-0.70,0.14,-0.28,-0.31,-0.22,0.67,-0.29,0.66,0.34,,0.04,0.18
,191,1.00,2.00,20,20,1,1,27.5,27.5,28,28,4,3,4,4,4,3,3,4,4,4,5,4,4.71,4.71,1.37,1.14,0.76,0.14,0.61,-0.49,-1.68,-0.16,0.69,-0.49,1.25,-0.01,0.76,0.65
,192,1.00,2.00,21,22,1,1,65.0,65.0,65,65,4,2,2,2,3,3,3,4,3,4,5,4,4.57,4.14,1.55,-0.28,-2.34,-2.41,-1.00,-1.21,-1.05,1.30,-1.80,0.08,1.02,-0.24,0.52,-0.30
,193,1.00,2.00,44,43,2,2,888.0,888.0,240,240,2,2,4,4,4,4,4,4,4,4,5,5,4.71,5.00,-1.47,-0.10,0.58,0.14,-0.28,1.12,0.20,0.67,0.31,-0.49,0.57,1.12,0.76,1.13
,194,1.00,2.00,20,21,1,1,30.0,30.0,30,30,2,1,5,4,4,3,4,4,4,3,5,5,4.86,5.00,-1.11,-1.52,1.13,0.51,0.79,-0.85,0.62,1.30,-0.84,-1.64,1.25,0.89,1.00,1.13
,195,1.00,2.00,48,51,2,2,888.0,888.0,270,270,2,2,4,4,4,4,4,4,4,4,4,4,4.71,4.14,-1.29,-0.64,0.03,0.14,-0.10,-0.31,1.04,1.09,0.12,0.08,-0.11,-0.46,0.76,-0.30
,196,1.00,2.00,72,77,2,2,888.0,888.0,627,627,3,3,4,3,4,3,3,3,4,4,4,4,3.71,4.00,0.30,0.61,-0.15,-0.22,0.61,-1.21,-1.05,-1.00,0.31,-0.49,-1.01,-0.92,-0.91,-0.54
,197,1.00,2.00,58,55,2,2,888.0,888.0,278,278,3,3,4,4,4,4,3,3,4,4,3,1,,,0.30,1.14,-0.15,0.51,0.61,1.30,-1.26,-1.63,-0.50,-0.49,-2.14,-5.21,,
,198,1.00,2.00,50,50,2,2,888.0,888.0,282,282,3,3,4,5,4,5,4,4,4,4,4,4,4.71,4.00,0.30,0.07,0.19,1.79,0.44,1.48,-0.63,0.88,-0.07,0.08,0.34,0.21,0.76,-0.54
,199,1.00,2.00,20,23,1,1,15.0,15.0,15,15,4,2,4,5,4,4,3,4,4,4,5,5,4.00,3.57,0.94,-0.81,0.03,1.97,0.08,0.22,-1.26,0.04,0.69,0.08,0.80,0.44,-0.43,-1.25
,200,1.00,2.00,42,45,2,2,888.0,888.0,148,148,3,2,4,3,4,3,4,4,4,5,5,4,4.86,4.43,-0.23,-1.35,0.58,-0.77,0.44,-0.49,0.62,1.09,0.69,1.04,1.02,0.21,1.00,0.18
,201,1.00,2.00,20,22,1,1,9.0,9.0,9,9,3,3,4,3,3,3,3,3,4,3,4,4,4.43,4.29,0.66,0.78,0.03,-0.95,-1.35,-1.03,-1.68,-1.21,-0.84,-2.41,-0.33,-0.46,0.28,-0.06
,202,1.00,2.00,25,26,1,1,81.0,81.0,81,81,4,3,3,4,4,4,4,4,4,4,4,4,4.71,4.43,1.01,0.96,-0.70,0.33,-0.28,1.12,0.41,-0.58,-0.84,0.27,-0.33,-0.24,0.76,0.18
,203,1.00,2.00,22,22,1,1,34.0,34.0,34,34,3,4,4,4,5,4,4,4,3,4,3,4,3.14,3.57,-0.58,1.49,0.40,0.14,1.87,0.22,-0.01,-0.37,-1.61,-0.11,-1.69,0.21,-1.86,-1.25
,204,1.00,2.00,48,49,2,2,888.0,888.0,274,274,4,3,4,5,5,4,4,3,4,5,4,4,3.29,3.71,1.55,0.43,0.21,1.79,1.69,1.30,-0.22,-1.42,0.12,1.23,-0.33,-0.92,-1.63,-1.01
,205,1.00,2.00,21,30,1,1,26.5,26.5,27,27,4,2,3,4,3,4,4,3,4,4,5,4,,,1.72,-0.99,-1.43,1.24,-1.89,0.40,-0.42,-0.70,0.31,0.27,0.57,-0.46,,
,206,1.00,2.00,53,53,2,2,888.0,888.0,273,273,3,2,3,4,4,4,3,4,4,4,3,4,,,-0.23,-0.28,-1.61,0.14,0.79,1.12,-1.05,0.04,0.12,0.08,-1.24,-0.01,,
,207,1.00,2.00,78,86,2,2,888.0,888.0,703,703,3,3,4,4,4,4,4,4,4,5,5,5,,,0.48,0.43,-0.15,-0.04,-0.28,0.40,-0.42,1.09,0.31,1.42,1.02,0.89,,
,208,1.00,2.00,21,21,1,1,35.5,35.5,36,36,3,4,3,3,3,3,4,3,4,3,4,5,4.71,4.57,-0.58,1.85,-0.51,-0.77,-1.18,-1.39,-0.84,-1.83,0.12,-1.07,-0.33,0.44,0.76,0.42
,209,1.00,2.00,50,50,2,2,888.0,888.0,305,305,2,3,5,3,3,4,4,2,4,5,2,3,,,-1.82,0.96,1.31,-0.95,-1.53,1.30,0.41,-3.92,0.12,1.04,-3.05,-2.05,,
,210,1.00,2.00,21,22,1,1,43.5,43.5,44,44,3,2,3,4,4,5,4,4,5,4,5,5,5.00,4.86,-0.05,-0.46,-1.06,0.69,0.61,2.01,-0.22,1.30,1.46,0.85,1.02,0.89,1.23,0.89
,211,1.00,2.00,77,79,2,2,888.0,888.0,663,663,2,1,4,5,4,4,5,5,5,5,5,5,,,-1.65,-1.52,0.94,1.42,0.79,0.76,1.24,1.71,1.65,1.80,1.25,1.12,,
,212,1.00,2.00,19,21,1,1,30.0,30.0,30,30,4,2,3,4,4,4,4,3,3,3,4,4,,,1.01,-0.46,-0.51,1.06,1.15,0.40,-0.22,-1.00,-1.41,-1.64,0.34,-0.69,,
,213,1.00,2.00,80,79,2,2,888.0,888.0,669,669,3,3,4,3,3,4,4,4,5,5,5,5,5.00,5.00,0.66,0.07,0.21,-0.40,-0.64,0.40,0.20,0.04,1.46,1.61,0.80,1.12,1.23,1.13
,214,1.00,2.00,74,78,2,2,888.0,888.0,608,608,4,4,3,4,4,5,4,3,4,5,5,4,4.29,4.86,1.37,2.38,-0.51,-0.04,0.44,2.19,0.20,-1.83,-0.07,1.04,0.57,-0.24,0.04,0.89
,215,1.00,2.00,19,21,1,1,25.0,25.0,25,25,4,2,4,5,2,4,4,4,3,5,4,5,,,0.84,-0.28,0.94,1.79,-2.79,1.30,-0.22,0.04,-1.03,1.61,0.34,1.12,,
,216,1.00,2.00,53,56,2,2,888.0,888.0,367,367,4,3,4,3,4,3,3,4,4,4,4,3,3.00,3.71,0.84,0.61,-0.33,-1.32,0.08,-1.39,-1.26,-0.58,-0.84,-0.30,-1.01,-1.37,-2.10,-1.01
,217,1.00,2.00,79,80,2,2,888.0,888.0,667,667,3,2,4,2,3,3,4,3,3,3,4,5,,,0.48,-0.10,0.76,-1.86,-1.35,-1.21,-0.42,-0.79,-1.99,-2.03,-0.33,0.44,,
,218,1.00,2.00,60,62,2,2,888.0,888.0,411,411,3,1,2,5,3,4,4,5,4,5,5,5,,,0.48,-2.06,-2.52,1.79,-1.18,0.94,1.04,1.51,-0.46,1.04,0.57,0.89,,
,219,1.00,2.00,48,48,2,2,888.0,888.0,293,293,3,3,4,3,3,3,4,4,4,4,4,5,4.00,4.67,0.66,0.61,-0.15,-1.32,-0.82,-0.67,-0.22,0.25,0.50,-0.49,0.34,0.67,-0.43,0.58
,220,1.00,2.00,71,68,2,2,888.0,888.0,583,583,3,3,4,4,3,4,4,4,5,4,5,5,4.29,4.86,0.53,0.07,0.76,0.14,-1.18,0.40,0.62,0.46,1.27,0.27,0.80,0.89,0.04,0.89
,221,1.00,2.00,45,53,2,2,888.0,888.0,262,262,3,3,4,3,3,4,4,5,4,4,5,4,,,0.30,0.78,-0.33,-0.40,-1.00,-0.31,0.83,1.51,-0.27,-0.11,0.80,-0.24,,
,222,1.00,2.00,20,23,1,1,16.0,16.0,16,16,4,2,3,4,4,4,3,4,4,2,4,4,3.71,2.86,1.01,-0.99,-0.51,0.87,0.61,0.40,-1.26,-0.37,-0.07,-2.79,0.34,-0.92,-0.91,-2.44
,223,1.00,2.00,56,55,2,2,888.0,888.0,304,304,3,2,4,4,4,3,4,4,4,5,3,4,3.00,4.00,0.30,-1.17,0.94,0.87,0.44,-0.67,0.41,-0.16,0.12,1.04,-2.14,-0.69,-2.10,-0.54
,224,1.00,2.00,54,58,2,2,888.0,888.0,318,318,3,3,3,4,4,4,4,4,4,4,4,4,,,0.66,0.61,-0.51,0.33,0.61,0.76,-0.42,0.04,-0.46,0.08,-0.56,-0.46,,
,225,1.00,2.00,77,80,2,2,888.0,888.0,681,681,3,3,4,4,4,5,4,5,5,5,5,5,5.00,5.00,-0.41,0.25,0.21,0.14,1.15,1.48,0.83,1.51,1.65,1.80,0.80,0.44,1.23,1.13
,226,1.00,2.00,20,21,1,1,18.0,18.0,18,18,3,2,4,3,4,3,4,4,4,3,5,4,4.71,4.86,0.66,-0.99,0.03,-0.77,0.79,-0.85,-0.22,0.67,-0.46,-0.88,1.25,-0.01,0.76,0.89
,227,1.00,2.00,54,58,2,2,888.0,888.0,411,411,3,3,4,2,3,4,4,4,5,3,4,5,4.43,4.71,0.30,0.96,0.58,-1.86,-0.64,0.76,0.41,-0.58,1.07,-0.88,0.34,0.89,0.28,0.65
,228,1.00,2.00,46,49,2,2,888.0,888.0,267,267,3,2,3,4,3,3,4,5,5,5,4,5,4.14,4.71,0.30,-0.64,-1.06,0.14,-1.71,-0.49,0.41,1.51,1.27,1.80,0.34,0.67,-0.20,0.65
,229,1.00,2.00,77,81,2,2,888.0,888.0,616,616,3,3,3,4,3,3,5,4,4,4,4,5,4.29,4.86,0.13,0.07,-0.51,0.69,-1.53,-1.75,1.24,-0.58,0.12,-0.68,0.34,0.67,0.04,0.89
,230,1.00,2.00,50,51,2,2,888.0,888.0,305,305,2,2,4,3,4,4,3,3,5,4,4,4,,,-0.94,-0.81,0.94,-0.40,0.61,0.94,-1.26,-1.00,1.07,0.27,0.12,-0.24,,
,231,1.00,2.00,81,83,2,2,888.0,888.0,654,654,3,3,4,2,4,2,4,4,4,3,4,4,4.00,4.29,0.48,0.61,-0.33,-1.86,-0.28,-3.00,0.62,0.88,0.50,-0.88,-0.56,-0.01,-0.43,-0.06
,232,1.00,2.00,47,46,2,2,888.0,888.0,251,251,3,2,3,4,3,4,4,4,4,4,4,4,4.29,4.43,-0.23,-0.64,-0.51,0.87,-0.64,0.04,-0.42,-0.37,0.69,0.46,0.12,-0.01,0.04,0.18
,233,1.00,2.00,51,51,2,2,888.0,888.0,285,285,2,2,3,2,4,4,4,4,4,3,4,4,4.71,4.57,-2.00,-0.43,-0.51,-1.68,-0.10,1.12,0.20,1.09,0.31,-1.07,-0.33,-0.01,0.76,0.42
,234,1.00,2.00,25,29,1,1,22.0,22.0,22,22,2,3,4,3,4,3,4,4,4,4,5,4,,,-1.29,1.14,0.94,-0.77,0.61,-0.85,-0.01,-0.37,0.69,0.27,0.80,0.21,,
,235,1.00,2.00,29,29,1,1,84.5,84.5,85,85,3,3,4,4,4,5,4,4,4,4,4,5,3.57,4.43,0.66,0.43,-0.15,-0.04,0.61,1.66,0.20,-0.58,-0.07,0.08,0.34,0.67,-1.15,0.18
,236,1.00,2.00,25,25,1,1,81.5,81.5,82,82,2,3,4,3,4,3,4,4,5,3,4,4,4.57,4.43,-1.29,0.07,0.94,-0.59,0.44,-0.49,0.41,-0.16,1.07,-1.64,0.34,0.21,0.52,0.18
,237,1.00,2.00,59,60,2,2,888.0,888.0,416,416,4,2,4,4,4,4,4,3,4,4,4,5,4.00,4.57,1.19,-0.46,0.76,0.69,0.26,0.40,0.62,-0.79,0.31,0.08,-0.11,0.89,-0.43,0.42
